0.260298,0.00627838,	8481620402210
0.258293,0.012508,	8481620462293
0.257283,0.0190954,	8481620489710
0.256269,0.0256604,	8481620514793
0.255252,0.0322026,	8481620540460
0.0683,0,	8481620565835
0.252206,0.0447288,	8481620590918
0.250179,0.0508507,	8481620615710
0.249145,0.0574136,	8481620641377
0.249105,0.0644594,	8481620666168
0.248063,0.0709876,	8481620691543
0.0683,0,	8481620716627
0.244971,0.0834159,	8481620742002
0.243919,0.089741,	8481620767085
0.242864,0.0959279,	8481620793043
0.241805,0.10209,	8481620818418
0.240743,0.108226,	8481620845252
0.241666,0.115594,	8481620871502
0.0683,0,	8481620898043
0.237536,0.126477,	8481620924293
0.23646,0.132507,	8481620954335
0.236372,0.13932,	8481620984085
0.23529,0.145202,	8481621036585
0.0683,0,	8481621067210
0.232127,0.156132,	8481621097543
0.231037,0.161913,	8481621127002
0.230933,0.168453,	8481621157043
0.230825,0.174995,	8481621186793
0.229725,0.180727,	8481621216835
0.231582,0.189123,	8481621246293
0.0683,0,	8481621276043
0.226394,0.198352,	8481621305210
0.225277,0.204157,	8481621335543
0.225144,0.210841,	8481621364710
0.225006,0.217528,	8481621395335
0.224863,0.224218,	8481621424793
0.22275,0.229002,	8481621455418
0.221621,0.234527,	8481621485168
0.221466,0.241266,	8481621515210
0.221307,0.248009,	8481621544960
0.220162,0.253725,	8481621575002
0.219995,0.26046,	8481621604168
0.217865,0.265057,	8481621633918
0.217691,0.27177,	8481621663668
0.216534,0.277374,	8481621693418
0.216354,0.284025,	8481621722877
0.216171,0.290597,	8481621753210
0.0683,0,	8481621817085
0,0.301386,	8481621849460
0,0.30794,	8481621879793
0,0.314497,	8481621910127
0,0.321058,	8481621939585
0,0.327623,	8481621969335
0,0,	8481621998793
0,0.341954,	8481622046627
0,0.347284,	8481622076960
0,0.35389,	8481622107002
0,0.360501,	8481622136752
0,0.368445,	8481622166793
0,0.375079,	8481622196543
0,0.381716,	8481622226293
0,0.389582,	8481622255752
0,0.396215,	8481622285793
0,0,	8481622315543
0,0.402853,	8481622345585
0,0,	8481622375043
0,0,	8481622405085
0,0,	8481622434835
0,0,	8481622465168
0,0,	8481622495210
0,0,	8481622524960
0,0,	8481622554418
0,0.440278,	8481622584460
0,0.446747,	8481622614210
0,0.454969,	8481622643960
0,0.461464,	8481622673710
0,0.469729,	8481622703460
0.198095,0.478097,	8481622732918
0.197795,0.484696,	8481622762668
0.198435,0.493081,	8481622792127
0.19907,0.501489,	8481622822168
0.198756,0.508138,	8481622851627
0.19938,0.51659,	8481622881377
0.199058,0.523267,	8481622910835
0.198731,0.529951,	8481622941460
0.1984,0.536669,	8481622971502
0.19807,0.543283,	8481623087002
0.197737,0.549904,	8481623123460
0.1974,0.556531,	8481623153210
0.197059,0.563165,	8481623181502
0.196715,0.569806,	8481623209502
0.197301,0.57838,	8481623236918
0.196949,0.585051,	8481623265210
0.196587,0.59184,	8481623292918
0.196235,0.598386,	8481623320627
0.19588,0.60494,	8481623348043
0.195521,0.6115,	8481623375752
0.196087,0.620074,	8481623403168
0.19572,0.626666,	8481623431168
0.19535,0.633265,	8481623459168
0.195903,0.641906,	8481623487168
0.195511,0.64879,	8481623515168
0.195115,0.655682,	8481623544043
0.194716,0.662583,	8481623573210
0.195235,0.671575,	8481623602668
0.194828,0.678511,	8481623630960
0.194417,0.685455,	8481623660418
0.194922,0.694522,	8481623689293
0.194504,0.701502,	8481623718752
0.195012,0.710417,	8481623747918
0.194574,0.717604,	8481623803627
0.195051,0.726942,	8481623836293
0.194605,0.734168,	8481623867502
0.194156,0.741404,	8481623897835
0.194618,0.750822,	8481623928168
0.195075,0.760264,	8481623958793
0.194613,0.767567,	8481623989127
0.195072,0.776888,	8481624038418
0.194622,0.783909,	8481624069335
0.195082,0.793132,	8481624098502
0.195537,0.802379,	8481624128835
0.195076,0.809464,	8481624195918
0.195523,0.81876,	8481624227418
0.195966,0.828079,	8481624258043
0.195494,0.835231,	8481624288377
0.195919,0.844749,	8481624318710
0.196352,0.854111,	8481624349043
0.19678,0.863496,	8481624379085
0.197205,0.872903,	8481624409418
0.196716,0.880148,	8481624439460
0.197133,0.889605,	8481624469210
0.197546,0.899086,	8481624499252
0.197955,0.908589,	8481624529293
0.198348,0.9183,	8481624559335
0.198744,0.927943,	8481624589668
0.199136,0.937609,	8481624619418
0.199524,0.947299,	8481624650043
0.199908,0.957012,	8481624680085
0.200289,0.96675,	8481624710418
0.201576,0.978643,	8481624740752
0.20195,0.988423,	8481624770502
0.20233,0.998099,	8481624800543
0.202693,1.00799,	8481624830585
0.203052,1.0179,	8481624860043
0.204319,1.02993,	8481624889793
0.204673,1.03989,	8481624919543
0.205023,1.04987,	8481624949293
0.206282,1.06193,	8481624978752
0.206626,1.07196,	8481625029502
0,1.08406,	8481625060710
0,1.094,	8481625090460
0,1.10396,	8481625120502
0,1.11194,	8481625150835
0,1.12195,	8481625180585
0,1.13398,	8481625210627
0,0,	8481625240377
0,0,	8481625270418
0,0,	8481625301043
0,0,	8481625332252
0,0,	8481625362585
0,0,	8481625393210
0,0,	8481625424710
0,0,	8481625455043
0,0,	8481625485668
0,0,	8481625517168
0,0,	8481625547793
0,0,	8481625578710
0,0,	8481625609043
0,1.32583,	8481625639085
0,1.33615,	8481625670002
0,1.34796,	8481625701502
0,1.35832,	8481625732418
0,1.37016,	8481625788710
0.245329,1.38207,	8481625822543
0.247505,1.39543,	8481625853752
0.248742,1.40737,	8481625884085
0.251864,1.42203,	8481625915002
0.254047,1.43527,	8481625945627
0.257178,1.44977,	8481625976252
0.0683,0,	8481626022043
0.0683,0,	8481626055002
0.242992,1.45955,	8481626085918
0.258393,1.49174,	8481626116835
0.256806,1.49966,	8481626147168
0.25522,1.50759,	8481626177793
0.253634,1.51552,	8481626208127
0.252048,1.52346,	8481626240502
0.250463,1.5314,	8481626271127
0.247933,1.53799,	8481626302335
0.246357,1.54582,	8481626332960
0.245708,1.55527,	8481626364168
0.243173,1.56195,	8481626394793
0.241581,1.57003,	8481626426002
0.23999,1.57811,	8481626456918
0.2384,1.5862,	8481626488418
0.237751,1.59576,	8481626519335
0.235221,1.6024,	8481626550252
0.234588,1.61177,	8481626581168
0.233007,1.61979,	8481626612668
0.231427,1.62781,	8481626643585
0.229848,1.63585,	8481626674502
0.22827,1.64388,	8481626705418
0.227631,1.65349,	8481626736627
0.226054,1.66156,	8481626767543
0.224477,1.66964,	8481626798460
0.223848,1.67921,	8481626828793
0.222273,1.68732,	8481626859710
0.220699,1.69544,	8481626889752
0.220063,1.7052,	8481626921252
0.218492,1.71336,	8481626951585
0.216921,1.72153,	8481626981043
0.216287,1.73137,	8481627029168
0.214719,1.73958,	8481627061835
0.214077,1.74965,	8481627092752
0.21251,1.75789,	8481627123668
0.210945,1.76614,	8481627154002
0.210317,1.77614,	8481627184918
0.20969,1.78617,	8481627215543
0.208128,1.79449,	8481627246752
0.207504,1.80458,	8481627276793
0.205945,1.81295,	8481627306252
0.205331,1.82297,	8481627336585
0.204713,1.83311,	8481627365752
0.203162,1.84151,	8481627394043
0.202547,1.85172,	8481627423502
0.201935,1.86196,	8481627451793
0.200387,1.87044,	8481627480668
0.199778,1.88075,	8481627508960
0.199171,1.89109,	8481627538127
0.197617,1.89987,	8481627569043
0.197011,1.91032,	8481627599668
0.196408,1.92082,	8481627630293
0.195806,1.93134,	8481627661210
0.195208,1.9419,	8481627691543
0.194611,1.9525,	8481627723335
0.194017,1.96314,	8481627780210
0.192487,1.97198,	8481627813460
0.191888,1.98286,	8481627844960
0.191302,1.99361,	8481627877043
0.190719,2.00439,	8481627907960
0.190138,2.01521,	8481627939752
0.189561,2.02607,	8481627971252
0.188987,2.03696,	8481628018210
0.189358,2.04972,	8481628051752
0.18879,2.06069,	8481628083835
0.188233,2.07156,	8481628114752
0.18767,2.08264,	8481628145960
0.18711,2.09377,	8481628176877
0.186554,2.10494,	8481628208377
0.186002,2.11614,	8481628239585
0.185453,2.12739,	8481628271377
0.185856,2.14044,	8481628302877
0.185316,2.15176,	8481628334377
0.184788,2.16293,	8481628365293
0.184256,2.17432,	8481628397085
0.184679,2.18749,	8481628428585
0.184156,2.19895,	8481628459793
0.183637,2.21045,	8481628491002
0.184076,2.2237,	8481628522793
0.183566,2.23527,	8481628554002
0.184017,2.24855,	8481628585210
0.183526,2.26,	8481628615835
0.183029,2.27173,	8481628647335
0.183495,2.28513,	8481628678543
0.183009,2.29692,	8481628709752
0.184447,2.31194,	8481628740960
0.184934,2.32535,	8481628772168
0.185428,2.33877,	8481628802793
0.186892,2.35368,	8481628834585
0.18741,2.36683,	8481628865793
0.188896,2.38156,	8481628897293
0.189424,2.39483,	8481628928210
0.190927,2.40948,	8481628960002
0.191471,2.42273,	8481628990627
0.192992,2.43729,	8481629036127
0,2.45178,	8481629068502
0,2.46622,	8481629100585
0,2.4808,	8481629132377
0,0,	8481629163585
0,0,	8481629194502
0,0,	8481629226002
0,0,	8481629256918
0,0,	8481629288127
0,2.5303,	8481629319335
0,2.54261,	8481629351127
0,2.5588,	8481629382335
0,2.57377,	8481629414418
0,2.58866,	8481629445043
0,2.60347,	8481629475960
0,2.61821,	8481629506877
0,2.63396,	8481629537793
0,2.64851,	8481629568710
0,2.66298,	8481629600210
0.194107,2.67718,	8481629631418
0.196778,2.69241,	8481629662335
0.198475,2.70659,	8481629693252
0.199195,2.71981,	8481629724752
0.200911,2.73388,	8481629780752
0.202637,2.74789,	8481629814585
0.203383,2.76102,	8481629846085
0.205128,2.77492,	8481629878168
0.205894,2.78784,	8481629909377
0.207655,2.80174,	8481629941168
0.209426,2.81558,	8481629972085
0.211207,2.82935,	8481630019335
0.212004,2.8424,	8481630053460
0.213804,2.85607,	8481630084668
0.215612,2.86967,	8481630115002
0.21743,2.88322,	8481630145918
0.219252,2.89716,	8481630175960
0.221088,2.91074,	8481630206293
0.222933,2.92425,	8481630235752
0.224787,2.93771,	8481630265210
0.227647,2.95159,	8481630293502
0.229521,2.96491,	8481630322668
0.231403,2.97818,	8481630350960
0.234293,2.9918,	8481630380127
0.236195,3.00489,	8481630408710
0.239105,3.0181,	8481630437585
0.242024,3.03122,	8481630465877
0.243954,3.04393,	8481630494460
0.246892,3.05689,	8481630523043
0.249838,3.06978,	8481630551918
0.252794,3.08259,	8481630580210
0.255758,3.09532,	8481630609668
0.25973,3.10808,	8481630639710
0.0683,0,	8481630670043
0.0683,0,	8481630700085
0.0683,0,	8481630730418
0.260706,3.15611,	8481630760752
0.257718,3.16745,	8481630791960
0.255738,3.17903,	8481630822293
0.252764,3.19046,	8481630852918
0.250798,3.20187,	8481630883252
0.248838,3.21345,	8481630914168
0.245885,3.22491,	8481630944502
0.243941,3.23657,	8481630974835
0.242003,3.24827,	8481631076627
0.240073,3.26,	8481631111043
0.237148,3.27163,	8481631142252
0.235232,3.28344,	8481631173460
0.233319,3.29479,	8481631204085
0.231416,3.30647,	8481631235002
0.230522,3.31829,	8481631265335
0.228632,3.33003,	8481631296252
0.22675,3.34182,	8481631326877
0.224876,3.35364,	8481631358085
0.223008,3.3655,	8481631388418
0.22215,3.37744,	8481631419918
0.220302,3.38977,	8481631450835
0.219462,3.402,	8481631481460
0.217627,3.41425,	8481631512377
0.2158,3.42654,	8481631543585
0.214982,3.43884,	8481631574210
0.21317,3.45119,	8481631605418
0.212368,3.46354,	8481631636335
0.211573,3.4759,	8481631667252
0.20978,3.48815,	8481631697877
0.209,3.50054,	8481631729085
0.208228,3.51295,	8481631787418
0.207464,3.52538,	8481631820377
0.205704,3.53795,	8481631851293
0.205957,3.55025,	8481631882793
0.204212,3.56288,	8481631913710
0.203478,3.57536,	8481631945502
0.202754,3.588,	8481631976418
0.202034,3.6005,	8481632023668
0.201321,3.613,	8481632056335
0.200616,3.62552,	8481632088127
0.199918,3.63804,	8481632118460
0.199227,3.65057,	8481632149085
0,3.6631,	8481632180002
0,3.67565,	8481632210627
0,3.68835,	8481632241252
0,3.70135,	8481632272168
0,3.7144,	8481632302793
0,3.7271,	8481632333127
0,0,	8481632363752
0,0,	8481632394377
0,0,	8481632424710
0,0,	8481632455627
0,0,	8481632485960
0,0,	8481632516877
0,0,	8481632547210
0,0,	8481632577835
0,0,	8481632607877
0,0,	8481632638502
0,0,	8481632668835
0,0,	8481632700335
0,0,	8481632730377
0,3.89365,	8481632761293
0,3.90581,	8481632791918
0,3.91854,	8481632822543
0,3.9307,	8481632852877
0,3.94348,	8481632883793
0,3.95565,	8481632914127
0,3.96781,	8481632944752
0,3.97991,	8481632975085
0,3.99157,	8481633020877
0.197022,4.00319,	8481633053835
0.196521,4.01548,	8481633085335
0.19702,4.02704,	8481633115960
0.197523,4.03857,	8481633146585
0.19803,4.05006,	8481633177793
0.198542,4.06152,	8481633208418
0.199063,4.07303,	8481633239043
0.199591,4.08456,	8481633269960
0.200123,4.09605,	8481633300293
0.200659,4.10751,	8481633330918
0.2012,4.11893,	8481633361252
0.201744,4.13032,	8481633391877
0.202293,4.14166,	8481633422793
0.202846,4.15298,	8481633454293
0.203384,4.16389,	8481633484918
0.203933,4.17491,	8481633516127
0.204486,4.18589,	8481633546460
0.205042,4.19684,	8481633577377
0.206591,4.20693,	8481633608002
0.207153,4.21781,	8481633638918
0.207719,4.22865,	8481633669543
0.209277,4.23863,	8481633700168
0.209858,4.24958,	8481633730502
0.210424,4.26014,	8481633761418
0.210993,4.27067,	8481633819168
0.212551,4.28033,	8481633850960
0.213125,4.29079,	8481633882168
0.214689,4.30038,	8481633913377
0.215268,4.31078,	8481633944877
0.21585,4.32114,	8481633976085
0.217423,4.33068,	8481634021877
0.219013,4.34045,	8481634054835
0.219619,4.35102,	8481634085752
0.221214,4.36073,	8481634116085
0.221824,4.37123,	8481634146127
0.223423,4.38088,	8481634176168
0.225024,4.3905,	8481634204752
0.225641,4.4009,	8481634233918
0.22723,4.4102,	8481634262502
0.228844,4.41987,	8481634291960
0.229474,4.4303,	8481634320835
0.231092,4.4399,	8481634351168
0.232711,4.44948,	8481634381210
0.234332,4.45903,	8481634411835
0.235955,4.46856,	8481634441877
0.237579,4.47806,	8481634472210
0.239181,4.48716,	8481634502252
0.239809,4.49718,	8481634532877
0.241424,4.5064,	8481634562918
0.243041,4.51559,	8481634593252
0.245644,4.52402,	8481634623293
0.247262,4.53319,	8481634654210
0.248882,4.54233,	8481634684543
0.250503,4.55145,	8481634715168
0.252114,4.56039,	8481634745793
0.253737,4.56947,	8481634776127
0.256346,4.57783,	8481634807043
0.257971,4.58688,	8481634837960
0.259596,4.59591,	8481634868002
0.261222,4.60493,	8481634898627
0.263835,4.61325,	8481634928960
0.0683,0,	8481634959877
0.0683,0,	8481634989918
0.254903,4.64963,	8481635054377
0.241764,4.66995,	8481635086460
0.262089,4.66432,	8481635117377
0.259771,4.67588,	8481635148002
0.257454,4.68747,	8481635178918
0.254154,4.69981,	8481635209252
0.251841,4.71145,	8481635250668
0.249523,4.72302,	8481635282460
0.247222,4.73485,	8481635313668
0.245905,4.74589,	8481635354502
0.243605,4.75773,	8481635385127
0.241307,4.7696,	8481635410210
0.239009,4.78149,	8481635435877
0.237694,4.79253,	8481635460960
0.235397,4.80444,	8481635486335
0.234066,4.81524,	8481635512002
0.231773,4.82722,	8481635537960
0.23046,4.83828,	8481635563335
0.229147,4.84933,	8481635589585
0.227833,4.86037,	8481635615252
0.22554,4.87238,	8481635641502
0.224226,4.88342,	8481635667168
0.22291,4.89444,	8481635692835
0.221595,4.90546,	8481635718210
0.220267,4.91632,	8481635769835
0,4.92718,	8481635796377
0,4.93697,	8481635823210
0,4.94779,	8481635849460
0,4.95754,	8481635876002
0,4.96726,	8481635901668
0,4.97696,	8481635927627
0,4.98677,	8481635953877
0,4.99641,	8481635980127
0,5.00603,	8481636020960
0,5.01562,	8481636049543
0,5.02519,	8481636076377
0,5.03364,	8481636102918
0,5.04315,	8481636128877
0,5.05264,	8481636154252
0,5.06199,	8481636179335
0,5.07038,	8481636205002
0,0,	8481636230085
0,5.07982,	8481636255752
0,0,	8481636281127
0,0,	8481636306793
0,0,	8481636331585
0,0,	8481636357252
0,0,	8481636382335
0,0,	8481636407710
0,5.17787,	8481636432502
0,5.18711,	8481636457877
0,5.19499,	8481636482668
0,5.20285,	8481636507752
0,5.21069,	8481636532835
0,5.2198,	8481636558210
0,5.22759,	8481636583585
0,5.23537,	8481636608668
0,5.24322,	8481636634335
0,5.25222,	8481636659710
0,5.25993,	8481636685085
0,5.26762,	8481636710752
0.195271,5.2753,	8481636735835
0.194837,5.28418,	8481636761210
0.195377,5.29181,	8481636786293
0.194937,5.30064,	8481636811960
0.1945,5.30953,	8481636837043
0.194048,5.31823,	8481636862127
0.194572,5.3257,	8481636886918
0.194114,5.33435,	8481636912002
0.193652,5.34297,	8481636936502
0.193187,5.35157,	8481636961877
0.193699,5.35894,	8481636986377
0.193227,5.36748,	8481637022543
0.193742,5.37496,	8481637047335
0.193272,5.38356,	8481637071543
0.193779,5.39097,	8481637095168
0.193301,5.39952,	8481637145918
0.19282,5.40804,	8481637172168
0.193317,5.41538,	8481637196668
0.192828,5.42384,	8481637221168
0.193318,5.43114,	8481637245668
0.192824,5.43958,	8481637269877
0.193311,5.4469,	8481637294085
0.192811,5.45531,	8481637317710
0.193292,5.46259,	8481637341918
0.193769,5.46986,	8481637367002
0.193258,5.47818,	8481637392668
0.193728,5.48541,	8481637417168
0.193208,5.49368,	8481637442543
0.19367,5.50085,	8481637467043
0.194122,5.50791,	8481637492418
0.193584,5.51598,	8481637516918
0.194029,5.52301,	8481637542002
0.194471,5.53003,	8481637567085
0.193921,5.53802,	8481637593043
0.194356,5.545,	8481637618127
0.194787,5.55197,	8481637643793
0.194231,5.55997,	8481637669168
0.194661,5.567,	8481637694543
0.195087,5.57401,	8481637740335
0.19551,5.58101,	8481637768043
0.194937,5.58891,	8481637794585
0.195353,5.59588,	8481637821710
0.195764,5.60284,	8481637847960
0.196173,5.60979,	8481637875085
0.195573,5.61739,	8481637901335
0.195969,5.62422,	8481637927585
0.196361,5.63105,	8481637953835
0.19675,5.63787,	8481637980085
0.197136,5.64467,	8481638020335
0.197518,5.65148,	8481638048627
0.197896,5.65827,	8481638074877
0.198271,5.66505,	8481638102002
0.198636,5.67172,	8481638128252
0.199003,5.67846,	8481638154210
0.198368,5.68591,	8481638179585
0.199725,5.69192,	8481638205252
0.199082,5.69933,	8481638230627
0.199434,5.70602,	8481638256293
0.199782,5.71271,	8481638281377
0.201126,5.71876,	8481638307043
0.200463,5.72599,	8481638332127
0.201802,5.73208,	8481638357793
0.202137,5.73879,	8481638383168
0.202469,5.74549,	8481638408543
0.202797,5.75218,	8481638433627
0.203121,5.75887,	8481638459002
0.203441,5.76555,	8481638484377
0.203758,5.77222,	8481638509752
0.204075,5.77897,	8481638535127
0.204383,5.78561,	8481638560502
0.204687,5.79223,	8481638585585
0.204988,5.79886,	8481638610960
0.205284,5.80548,	8481638636043
0.204574,5.81253,	8481638661418
0,5.81912,	8481638686502
0,0,	8481638711877
0,0,	8481638736960
0,0,	8481638762918
0,0,	8481638787710
0,0,	8481638813085
0,0,	8481638837877
0,0,	8481638863543
0,0,	8481638888918
0,0,	8481638914293
0,0,	8481638939085
0,0,	8481638964752
0,0,	8481638990127
0,0,	8481639028043
0,5.9092,	8481639053710
0,5.91601,	8481639079085
0,5.92298,	8481639103877
0,5.92976,	8481639129543
0,5.9365,	8481639154335
0,5.9432,	8481639179710
0,5.94991,	8481639204793
0.221163,5.95661,	8481639229877
0.222375,5.9632,	8481639255252
0.222576,5.96991,	8481639281210
0.22378,5.97654,	8481639306585
0.22498,5.98319,	8481639331960
0.225165,5.98978,	8481639356752
0.226354,5.9964,	8481639382710
0.22754,6.00306,	8481639407793
0.227715,6.00973,	8481639433168
0.228893,6.01642,	8481639458543
0.230066,6.02312,	8481639483918
0.231235,6.02984,	8481639508710
0.232399,6.03658,	8481639534377
0.233562,6.04346,	8481639559460
0.233714,6.05023,	8481639584835
0.234867,6.05708,	8481639609918
0.236015,6.06395,	8481639635293
0.237159,6.07084,	8481639660377
0.238299,6.07775,	8481639685752
0.239433,6.08467,	8481639734168
0.240564,6.09162,	8481639762168
0.242696,6.09878,	8481639789002
0.243819,6.10591,	8481639815543
0.244938,6.11306,	8481639841502
0.246052,6.12023,	8481639867752
0.247161,6.12743,	8481639893418
0.249269,6.13482,	8481639918502
0.250369,6.14205,	8481639943293
0.251463,6.14931,	8481639968377
0.252551,6.15649,	8481639993460
0.254637,6.16382,	8481640085918
0.255715,6.17097,	8481640111585
0.257791,6.17836,	8481640136960
0.258859,6.18554,	8481640161752
0.260924,6.19298,	8481640187418
0.261982,6.20021,	8481640211918
0.264038,6.2077,	8481640237293
0.265085,6.21485,	8481640262377
0.26713,6.22228,	8481640287168
0.0683,0,	8481640311960
0.0683,0,	8481640337043
0.0683,0,	8481640361543
0.253233,6.2454,	8481640386335
0.267268,6.25681,	8481640410543
0.266282,6.26338,	8481640434168
0.264292,6.26981,	8481640457793
0.262298,6.27615,	8481640482002
0.2613,6.28282,	8481640505627
